Date,AL confirmed,AL deaths
2020-01-22,0,0
2020-01-23,0,0
2020-01-24,0,0
2020-01-25,0,0
2020-01-26,0,0
2020-01-27,0,0
2020-01-28,0,0
2020-01-29,0,0
2020-01-30,0,0
2020-01-31,0,0
2020-02-01,0,0
2020-02-02,0,0
2020-02-03,0,0
2020-02-04,0,0
2020-02-05,0,0
2020-02-06,0,0
2020-02-07,0,0
2020-02-08,0,0
2020-02-09,0,0
2020-02-10,0,0
2020-02-11,0,0
2020-02-12,0,0
2020-02-13,0,0
2020-02-14,0,0
2020-02-15,0,0
2020-02-16,0,0
2020-02-17,0,0
2020-02-18,0,0
2020-02-19,0,0
2020-02-20,0,0
2020-02-21,0,0
2020-02-22,0,0
2020-02-23,0,0
2020-02-24,0,0
2020-02-25,0,0
2020-02-26,0,0
2020-02-27,0,0
2020-02-28,0,0
2020-02-29,0,0
2020-03-01,0,0
2020-03-02,0,0
2020-03-03,0,0
2020-03-04,0,0
2020-03-05,0,0
2020-03-06,0,0
2020-03-07,0,0
2020-03-08,0,0
2020-03-09,0,0
2020-03-10,0,0
2020-03-11,0,0
2020-03-12,0,0
2020-03-13,5,0
2020-03-14,11,0
2020-03-15,22,0
2020-03-16,29,0
2020-03-17,39,0
2020-03-18,51,0
2020-03-19,78,0
2020-03-20,106,0
2020-03-21,131,0
2020-03-22,167,0
2020-03-23,196,0
2020-03-24,242,0
2020-03-25,386,1
2020-03-26,531,1
2020-03-27,639,2
2020-03-28,717,3
2020-03-29,825,4
2020-03-30,941,6
2020-03-31,997,13
2020-04-01,1106,16
2020-04-02,1270,17
2020-04-03,1534,21
2020-04-04,1632,26
2020-04-05,1840,31
2020-04-06,2003,32
2020-04-07,2197,39
2020-04-08,2497,48
2020-04-09,2838,48
2020-04-10,3007,58
2020-04-11,3262,60
2020-04-12,3581,61
2020-04-13,3801,61
2020-04-14,3951,73
2020-04-15,4237,75
2020-04-16,4400,82
2020-04-17,4515,96
2020-04-18,4719,110
2020-04-19,4897,112
2020-04-20,5074,112
2020-04-21,5317,141
2020-04-22,5598,174
2020-04-23,5825,194
2020-04-24,6026,208
2020-04-25,6213,212
2020-04-26,6417,218
2020-04-27,6537,227
2020-04-28,6744,240
2020-04-29,6916,261
2020-04-30,7063,269
2020-05-01,7294,287
2020-05-02,7611,287
2020-05-03,7885,289
2020-05-04,8110,297
2020-05-05,8436,314
2020-05-06,8691,341
2020-05-07,9046,368
2020-05-08,9384,381
2020-05-09,9668,388
2020-05-10,9889,391
2020-05-11,10164,401
2020-05-12,10468,438
2020-05-13,10699,448
2020-05-14,11094,470
2020-05-15,11387,482
2020-05-16,11671,482
2020-05-17,11768,485
2020-05-18,12078,486
2020-05-19,12374,500
2020-05-20,13049,522
2020-05-21,13410,529
2020-05-22,13670,541
2020-05-23,14152,551
2020-05-24,14507,558
2020-05-25,15194,566
2020-05-26,15648,580
2020-05-27,16029,583
2020-05-28,16553,605
2020-05-29,17031,610
2020-05-30,17358,618
2020-05-31,17849,629
2020-06-01,18246,643
2020-06-02,18427,650
2020-06-03,18553,650
2020-06-04,18766,651
2020-06-05,19073,670
2020-06-06,19709,684
2020-06-07,20166,687
2020-06-08,20590,712
2020-06-09,21071,723
2020-06-10,21626,739
2020-06-11,22474,750
2020-06-12,23333,764
2020-06-13,24220,768
2020-06-14,25235,768
2020-06-15,26272,774
2020-06-16,26912,785
2020-06-17,27312,790
2020-06-18,28206,809
2020-06-19,29002,821
2020-06-20,29549,838
2020-06-21,30021,839
2020-06-22,30453,840
2020-06-23,31097,864
2020-06-24,32064,890
2020-06-25,33206,896
2020-06-26,34181,907
2020-06-27,35083,919
2020-06-28,35441,919
2020-06-29,37175,929
2020-06-30,38045,950
2020-07-01,38962,972
2020-07-02,40111,985
2020-07-03,41865,1006
2020-07-04,42862,1007
2020-07-05,43953,1007
2020-07-06,44878,1007
2020-07-07,45785,1033
2020-07-08,46962,1058
2020-07-09,49174,1068
2020-07-10,50508,1104
2020-07-11,51947,1114
2020-07-12,53587,1121
2020-07-13,55545,1124
2020-07-14,57255,1164
2020-07-15,59067,1211
2020-07-16,61088,1230
2020-07-17,63091,1265
2020-07-18,65234,1286
2020-07-19,67011,1287
2020-07-20,68891,1291
2020-07-21,70358,1303
2020-07-22,71813,1364
2020-07-23,74212,1397
2020-07-24,76005,1438
2020-07-25,78130,1456
2020-07-26,79294,1473
2020-07-27,82295,1491
2020-07-28,82366,1491
2020-07-29,82366,1538
2020-07-30,85762,1565
2020-07-31,87723,1580
2020-08-01,89349,1603
2020-08-02,91444,1627
2020-08-03,92661,1633
2020-08-04,93702,1666
2020-08-05,94654,1695
2020-08-06,96592,1714
2020-08-07,98301,1735
2020-08-08,101334,1768
2020-08-09,101334,1768
2020-08-10,103020,1797
2020-08-11,103851,1847
2020-08-12,104786,1882
2020-08-13,105557,1890
2020-08-14,106309,1893
2020-08-15,107580,1896
2020-08-16,108433,1898
2020-08-17,109004,1925
2020-08-18,110361,1936
2020-08-19,111478,1944
2020-08-20,112449,1974
2020-08-21,112770,1990
2020-08-22,114532,2011
2020-08-23,115060,2013
2020-08-24,116710,2024
2020-08-25,117242,2037
2020-08-26,119254,2045
2020-08-27,121023,2076
2020-08-28,122185,2107
2020-08-29,123889,2152
2020-08-30,125235,2162
2020-08-31,126058,2182
2020-09-01,127616,2200
2020-09-02,128239,2217
2020-09-03,129285,2233
2020-09-04,130393,2266
2020-09-05,131803,2275
2020-09-06,132314,2276
2020-09-07,132973,2276
2020-09-08,133606,2277
2020-09-09,134417,2285
2020-09-10,135565,2301
2020-09-11,136703,2333
2020-09-12,137646,2350
2020-09-13,138755,2351
2020-09-14,139459,2355
2020-09-15,140160,2387
2020-09-16,141087,2392
2020-09-17,141757,2401
2020-09-18,142863,2428
2020-09-19,144164,2437
2020-09-20,144962,2437
2020-09-21,145780,2439
2020-09-22,146584,2457
2020-09-23,147153,2488
2020-09-24,150658,2491
2020-09-25,151591,2501
2020-09-26,152321,2501
2020-09-27,152321,2501
2020-09-28,152983,2501
2020-09-29,153554,2517
2020-09-30,154701,2540
2020-10-01,155744,2542
2020-10-02,156698,2550
2020-10-03,158380,2558
2020-10-04,159169,2558
2020-10-05,159713,2559
2020-10-06,160477,2580
2020-10-07,161418,2601
2020-10-08,161975,2637
2020-10-09,163465,2653
2020-10-10,164526,2664
2020-10-11,165342,2664
2020-10-12,166076,2665
2020-10-13,167193,2665
2020-10-14,167977,2706
2020-10-15,169162,2756
2020-10-16,170374,2786
2020-10-17,171662,2788
2020-10-18,172626,2788
2020-10-19,173485,2789
2020-10-20,174528,2805
2020-10-21,175674,2828
2020-10-22,177064,2843
2020-10-23,180916,2859
2020-10-24,183276,2866
2020-10-25,184355,2866
2020-10-26,185320,2863
2020-10-27,186436,2890
2020-10-28,187705,2909
2020-10-29,189149,2911
2020-10-30,190496,2930
2020-10-31,192285,2964
2020-11-01,193983,2970
2020-11-02,194885,2970
2020-11-03,195929,2983
2020-11-04,197777,3001
2020-11-05,199158,3021
2020-11-06,200713,3046
2020-11-07,202482,3079
2020-11-08,203687,3080
2020-11-09,204856,3080
2020-11-10,206567,3116
2020-11-11,208636,3197
2020-11-12,210637,3209
2020-11-13,213617,3229
2020-11-14,215843,3244
2020-11-15,217822,3246
2020-11-16,219232,3247
2020-11-17,220846,3296
2020-11-18,223486,3342
2020-11-19,225910,3413
2020-11-20,228373,3446
2020-11-21,230708,3455
2020-11-22,232506,3455
2020-11-23,234078,3457
2020-11-24,236865,3470
2020-11-25,239318,3530
2020-11-26,241957,3570
2020-11-27,242874,3570
2020-11-28,244993,3570
2020-11-29,247229,3575
2020-11-30,249523,3576
2020-12-01,252900,3635
2020-12-02,256828,3709
2020-12-03,260359,3774
2020-12-04,264199,3829
2020-12-05,267589,3874
2020-12-06,269877,3886
2020-12-07,272228,3889
2020-12-08,276665,3938
2020-12-09,280187,3982
2020-12-10,284922,4029
2020-12-11,288775,4079
2020-12-12,288775,4079
2020-12-13,288775,4079
2020-12-14,297887,4099
2020-12-15,301533,4124
2020-12-16,305640,4197
2020-12-17,310335,4253
2020-12-18,315683,4296
2020-12-19,319904,4389
2020-12-20,322451,4389
2020-12-21,324832,4389
2020-12-22,329811,4452
2020-12-23,334569,4587
2020-12-24,338801,4676
2020-12-25,342424,4680
2020-12-26,343456,4683
2020-12-27,345628,4689
2020-12-28,347894,4710
2020-12-29,351804,4737
2020-12-30,356820,4774
2020-12-31,361226,4827
2021-01-01,365747,4871
2021-01-02,369458,4871
2021-01-03,371934,4872
2021-01-04,374094,4877
2021-01-05,379593,4885
2021-01-06,384184,4992
2021-01-07,389230,5078
2021-01-08,394287,5191
2021-01-09,399150,5299
2021-01-10,401900,5333
2021-01-11,403997,5346
2021-01-12,407840,5568
2021-01-13,410985,5753
2021-01-14,414576,5941
2021-01-15,417528,6027
2021-01-16,420681,6118
2021-01-17,422598,6118
2021-01-18,424027,6119
2021-01-19,426543,6125
2021-01-20,429655,6282
2021-01-21,432536,6379
2021-01-22,436087,6486
2021-01-23,439442,6657
2021-01-24,441170,6660
2021-01-25,443009,6662
2021-01-26,445908,6895
2021-01-27,449086,7170
2021-01-28,452730,7338
2021-01-29,455582,7564
2021-01-30,455582,7566
2021-01-31,459639,7688
2021-02-01,460860,7688
2021-02-02,462918,7894
2021-02-03,465056,8203
2021-02-04,467823,8365
2021-02-05,469319,8449
2021-02-06,471312,8522
2021-02-07,472432,8524
2021-02-08,473365,8531
2021-02-09,474678,8588
2021-02-10,476068,8889
2021-02-11,477624,9022
2021-02-12,478716,9181
2021-02-13,479885,9244
2021-02-14,480946,9244
2021-02-15,481617,9246
2021-02-16,482488,9259
2021-02-17,483178,9349
2021-02-18,484367,9426
2021-02-19,485215,9574
2021-02-20,485989,9591
2021-02-21,486766,9593
2021-02-22,487439,9593
2021-02-23,488842,9663
